{
  "__type__": "cc.SpriteAtlas",
  "_name": "fish_move1.plist",
  "_objFlags": 0,
  "_native": "",
  "_spriteFrames": {
    "fishMove_001_1": {
      "__uuid__": "7aa20c88-5703-4f86-9da8-d37e6fca3ec4"
    },
    "fishMove_001_2": {
      "__uuid__": "630b49b3-0e9f-4724-8002-1fecf94d8a53"
    },
    "fishMove_001_3": {
      "__uuid__": "d59e036f-57df-4ce9-8d13-8be29c4513c0"
    },
    "fishMove_001_4": {
      "__uuid__": "6e745fda-ec2e-4084-8ff6-7f8c9a3c5177"
    },
    "fishMove_001_5": {
      "__uuid__": "8132ade6-2f24-4a9b-b28c-403b0d0fd894"
    },
    "fishMove_001_6": {
      "__uuid__": "dec3819c-d7fe-46e5-a18e-48adbe70f667"
    },
    "fishMove_002_1": {
      "__uuid__": "a3a43f15-0e18-43f4-bed9-fe10417203b0"
    },
    "fishMove_002_2": {
      "__uuid__": "6a2858c9-0775-49ff-970c-b1d2ddf9dca7"
    },
    "fishMove_002_3": {
      "__uuid__": "94f93f0e-63b5-4b84-af67-d36c4b649f2e"
    },
    "fishMove_002_4": {
      "__uuid__": "e1fe483d-1c19-4419-bf50-ce868dc9f8aa"
    },
    "fishMove_002_5": {
      "__uuid__": "2dfa3926-33df-4186-9790-00d1a25fd5f8"
    },
    "fishMove_002_6": {
      "__uuid__": "a64c4c33-0c52-4b04-b7a2-680910143eb6"
    },
    "fishMove_002_7": {
      "__uuid__": "6e81fc31-6904-4294-8ec4-aec4c4c9572f"
    },
    "fishMove_002_8": {
      "__uuid__": "d7daac73-dded-4696-a35b-5577a212049a"
    },
    "fishMove_003_1": {
      "__uuid__": "f7effeb4-87f0-4001-8eec-602695c0638d"
    },
    "fishMove_003_10": {
      "__uuid__": "ca7c5f93-143c-4d72-96e9-5a827e99ebc0"
    },
    "fishMove_003_11": {
      "__uuid__": "5d2cd52c-c96e-49ee-a4d7-b300e389f2a9"
    },
    "fishMove_003_12": {
      "__uuid__": "2f880e6e-7391-4e56-88e7-7b7a1a3cd9b3"
    },
    "fishMove_003_2": {
      "__uuid__": "deae2eeb-4d7a-4e8e-ac93-58393123e30f"
    },
    "fishMove_003_3": {
      "__uuid__": "5cb08f7f-f97d-4b6f-8380-99c194acb77e"
    },
    "fishMove_003_4": {
      "__uuid__": "a14a844f-cb68-44f5-b0e6-6b0c6f42727b"
    },
    "fishMove_003_5": {
      "__uuid__": "bd308a9e-ab4f-4877-9342-7f1b2519d0cd"
    },
    "fishMove_003_6": {
      "__uuid__": "46aac474-18fa-419c-8583-be42f38d4268"
    },
    "fishMove_003_7": {
      "__uuid__": "0ad0ab8a-8f17-4e53-9f02-eb4f659deb38"
    },
    "fishMove_003_8": {
      "__uuid__": "8e4cd55f-c0b6-4f9f-875c-d3c4af26bcb7"
    },
    "fishMove_003_9": {
      "__uuid__": "aecdef0d-b153-4e6e-becf-6564a6d7023b"
    },
    "fishMove_004_1": {
      "__uuid__": "343f6963-57ad-4a24-ad38-349ce8766d82"
    },
    "fishMove_004_10": {
      "__uuid__": "54186b2d-c722-4760-8417-62e9e9c7eded"
    },
    "fishMove_004_11": {
      "__uuid__": "98a0a420-289f-478b-aa00-2a8cf7225a75"
    },
    "fishMove_004_12": {
      "__uuid__": "6637d3ff-8cde-450e-bc47-83b4f60e7d6e"
    },
    "fishMove_004_2": {
      "__uuid__": "70ad9404-ee21-4230-927b-860f4fa03110"
    },
    "fishMove_004_3": {
      "__uuid__": "fe452839-ed92-419c-ad02-80644ba1db80"
    },
    "fishMove_004_4": {
      "__uuid__": "096bf656-c812-4ec0-b2b4-b1bfa6d357c8"
    },
    "fishMove_004_5": {
      "__uuid__": "0ea31470-dab3-4028-8642-a920f55c12ed"
    },
    "fishMove_004_6": {
      "__uuid__": "489adf8e-c61c-4283-871c-0c64f774b65f"
    },
    "fishMove_004_7": {
      "__uuid__": "c2549a46-5de7-4d4c-b60b-26f4da6d5e4d"
    },
    "fishMove_004_8": {
      "__uuid__": "e4bd7441-f220-4b0e-8cfd-da3e76103f60"
    },
    "fishMove_004_9": {
      "__uuid__": "a0903aa9-81e3-4638-ada0-aa73e2670d34"
    },
    "fishMove_005_1": {
      "__uuid__": "552bb28b-b786-4df7-a3db-5cb831dff0bc"
    },
    "fishMove_005_10": {
      "__uuid__": "6cfe00e0-b84a-469e-98bc-d4fdf6e6de09"
    },
    "fishMove_005_11": {
      "__uuid__": "20d414c8-bc92-4a79-b734-c2183d0d246a"
    },
    "fishMove_005_12": {
      "__uuid__": "ade7db97-2830-4a32-8381-478f9f770b03"
    },
    "fishMove_005_2": {
      "__uuid__": "3bf5b312-4895-4344-8fbc-443c7a8beec4"
    },
    "fishMove_005_3": {
      "__uuid__": "3d6e97ca-e2de-4765-b245-55b8f2c59952"
    },
    "fishMove_005_4": {
      "__uuid__": "23b08044-8d81-4a60-8788-baf2859d2478"
    },
    "fishMove_005_5": {
      "__uuid__": "78d17d2b-7687-4c53-ab1f-020fee15c7f2"
    },
    "fishMove_005_6": {
      "__uuid__": "dd1b75ca-2a27-4c28-8212-9de3611e10f7"
    },
    "fishMove_005_7": {
      "__uuid__": "68559597-2c85-47ed-a195-dfc842da4d3f"
    },
    "fishMove_005_8": {
      "__uuid__": "d2022253-bea5-4e97-abd0-cd191a63fbd4"
    },
    "fishMove_005_9": {
      "__uuid__": "52706f9c-d46e-4f4d-8166-a710d6101d05"
    },
    "fishMove_006_1": {
      "__uuid__": "f9f8bfb8-ec7a-453f-9c94-20b1483f8669"
    },
    "fishMove_006_10": {
      "__uuid__": "ad1a9312-1fd1-4d5b-b37d-d10dc989e94f"
    },
    "fishMove_006_11": {
      "__uuid__": "92181757-e874-4105-9ef5-85f0f4e29408"
    },
    "fishMove_006_12": {
      "__uuid__": "a4e20bf2-0e7b-42e8-b176-c901389967fb"
    },
    "fishMove_006_13": {
      "__uuid__": "169ae4e9-3903-4f9d-9ec8-622ec66d897d"
    },
    "fishMove_006_2": {
      "__uuid__": "a04257b2-d0fa-4fe8-b764-181a1cefe107"
    },
    "fishMove_006_3": {
      "__uuid__": "ee4e429f-6217-48da-9dcc-6247c1c49dbc"
    },
    "fishMove_006_4": {
      "__uuid__": "b5938302-9454-4909-854c-0d4af1413473"
    },
    "fishMove_006_5": {
      "__uuid__": "76391fea-f9a3-4687-bcc2-3e782bae98d0"
    },
    "fishMove_006_6": {
      "__uuid__": "1d7bcc34-42e1-4e73-b914-bfe9e1bfb260"
    },
    "fishMove_006_7": {
      "__uuid__": "2ff550d3-03e0-4e4a-bda8-4f521351afef"
    },
    "fishMove_006_8": {
      "__uuid__": "ed63bc85-b4fc-44be-a396-5d4bd4df1e63"
    },
    "fishMove_006_9": {
      "__uuid__": "dd2700fb-5afa-4f77-8c9a-0f06f887345e"
    },
    "fishMove_007_1": {
      "__uuid__": "448e574b-b5fc-4e58-8988-c27697e0901c"
    },
    "fishMove_007_10": {
      "__uuid__": "a93ff3f9-54a7-4bd4-a8ed-17fcb48dc2cf"
    },
    "fishMove_007_11": {
      "__uuid__": "92cf44fe-984d-436b-930e-5d278ba67ca4"
    },
    "fishMove_007_12": {
      "__uuid__": "742c86ba-86b1-4dd7-bcff-6cefaaf7e2f9"
    },
    "fishMove_007_2": {
      "__uuid__": "d7c0abf4-0160-4435-80fc-c0b1750adce4"
    },
    "fishMove_007_3": {
      "__uuid__": "2e7b9087-3f83-4e59-bc5a-93d0bac2ae7f"
    },
    "fishMove_007_4": {
      "__uuid__": "c1376b83-cb8a-4498-9081-26ec42d7ae3a"
    },
    "fishMove_007_5": {
      "__uuid__": "63338ad4-df20-4e58-b2a7-6348d7f56890"
    },
    "fishMove_007_6": {
      "__uuid__": "67d2e5c7-775b-429b-aaa5-abeb69ef7ff8"
    },
    "fishMove_007_7": {
      "__uuid__": "af9d304e-d655-4491-8850-ba2893209ec5"
    },
    "fishMove_007_8": {
      "__uuid__": "65963dfa-8963-4473-9447-f6450dd58cd3"
    },
    "fishMove_007_9": {
      "__uuid__": "3a3606f9-ba1b-4cc2-963c-17c9deca3271"
    },
    "fishMove_008_1": {
      "__uuid__": "e8af6784-aa42-44f3-9f6d-80b5fd9e4cfa"
    },
    "fishMove_008_10": {
      "__uuid__": "297ab051-6fcf-4000-9fc2-972454a9390a"
    },
    "fishMove_008_2": {
      "__uuid__": "a858b1e3-4c40-4626-a460-0a55f9a89c91"
    },
    "fishMove_008_3": {
      "__uuid__": "d1c1061f-5e4e-4c7a-b2d2-9337328b09a8"
    },
    "fishMove_008_4": {
      "__uuid__": "35e3b7d4-d44b-40b2-ada7-d43ece222e6c"
    },
    "fishMove_008_5": {
      "__uuid__": "798d0f62-8879-44cd-819a-745029ad801f"
    },
    "fishMove_008_6": {
      "__uuid__": "b81f6721-1384-4bcc-b5ee-afe6c6dfb9b2"
    },
    "fishMove_008_7": {
      "__uuid__": "75920fec-1914-4963-8886-345c5ab3796f"
    },
    "fishMove_008_8": {
      "__uuid__": "1f2a9b15-4a44-4088-a8ea-3bcfa5e8351f"
    },
    "fishMove_008_9": {
      "__uuid__": "f816b4ac-db6c-46bc-9c25-d341cb62c63c"
    },
    "fishMove_009_1": {
      "__uuid__": "948e758b-71f6-450f-8d33-a87e0aad9e23"
    },
    "fishMove_009_10": {
      "__uuid__": "5c3a4a02-e853-459b-bba8-533b2287a277"
    },
    "fishMove_009_11": {
      "__uuid__": "fb560b9c-bfa6-4cb3-adc7-384c76fd540c"
    },
    "fishMove_009_12": {
      "__uuid__": "6fb90dec-9f08-4019-879c-4f030880b018"
    },
    "fishMove_009_2": {
      "__uuid__": "edd4424e-f09e-48b7-a5a9-b9f82a83dd59"
    },
    "fishMove_009_3": {
      "__uuid__": "b331e091-823c-402a-bd5d-e74aae71e360"
    },
    "fishMove_009_4": {
      "__uuid__": "e6a24eca-b758-4ee3-aaad-27c49856cb8c"
    },
    "fishMove_009_5": {
      "__uuid__": "52036f38-063d-4a3e-ad29-d56e47ead40b"
    },
    "fishMove_009_6": {
      "__uuid__": "b737a4f3-14e0-4ba4-8659-2f9bd9abeb27"
    },
    "fishMove_009_7": {
      "__uuid__": "bf4b8e35-1cfd-4176-93de-05a0a3ed8d9c"
    },
    "fishMove_009_8": {
      "__uuid__": "6418b5f9-9ae4-4261-96c5-7e73801630ae"
    },
    "fishMove_009_9": {
      "__uuid__": "ea5e528f-3deb-4adc-8d07-108c761cd54a"
    },
    "fishMove_010_1": {
      "__uuid__": "dfd80c91-ab0a-4986-923f-f8086b1ad162"
    },
    "fishMove_010_2": {
      "__uuid__": "a7392f4e-9e66-410c-b34e-2d38056bf0c7"
    },
    "fishMove_010_3": {
      "__uuid__": "66764ec2-5b56-499e-9391-c8868d950714"
    },
    "fishMove_010_4": {
      "__uuid__": "57faa89e-bb04-46f5-9356-d31060fda637"
    },
    "fishMove_010_5": {
      "__uuid__": "f6ecf5bb-3454-4e4d-89bb-9c3789caed5d"
    },
    "fishMove_010_6": {
      "__uuid__": "031fd4a1-0f55-4a33-8b51-f711fb297336"
    },
    "fishMove_010_7": {
      "__uuid__": "c5cddc58-e558-456b-92f3-0fbe88f60e29"
    },
    "fishMove_010_8": {
      "__uuid__": "035e59b5-f3ce-4e40-8d32-41586443b48a"
    },
    "fishMove_011_1": {
      "__uuid__": "19eb10e3-f468-419b-9645-6879944eb6c3"
    },
    "fishMove_011_10": {
      "__uuid__": "22d85129-ea15-4cd3-9a2a-c43cfbb7f976"
    },
    "fishMove_011_11": {
      "__uuid__": "479a149b-e4ac-4e12-afc0-f6845cea264c"
    },
    "fishMove_011_12": {
      "__uuid__": "0960fc27-012a-450f-a95e-ed6de0ffc4b4"
    },
    "fishMove_011_2": {
      "__uuid__": "5fd01c31-d7b1-4b03-9e18-8ad0549ef81e"
    },
    "fishMove_011_3": {
      "__uuid__": "a53d1a41-681c-4e47-83d4-075e2497ebf0"
    },
    "fishMove_011_4": {
      "__uuid__": "b24c3308-6c8b-4e48-a3b7-f6235ed9a033"
    },
    "fishMove_011_5": {
      "__uuid__": "6b17d262-a6ae-4bfc-9bac-b8bd38e5117e"
    },
    "fishMove_011_6": {
      "__uuid__": "f4dbbc3e-f053-4c51-90c2-b896892c4ed3"
    },
    "fishMove_011_7": {
      "__uuid__": "6829d384-1d6d-4ce6-9b46-ec4dcfd15934"
    },
    "fishMove_011_8": {
      "__uuid__": "d31c4166-2f88-4f9f-94ed-779051d5a6cc"
    },
    "fishMove_011_9": {
      "__uuid__": "7ae53623-70cb-4613-be5d-22d22480cd38"
    },
    "fishMove_012_1": {
      "__uuid__": "cfda4a19-ba02-44f1-b465-d150e492c128"
    },
    "fishMove_012_2": {
      "__uuid__": "0ca224e1-d4e1-4ee2-ba89-311102a5a9e8"
    },
    "fishMove_012_3": {
      "__uuid__": "4665aba1-de26-444d-b56e-89b41aa29d86"
    },
    "fishMove_012_4": {
      "__uuid__": "7dfe8d4e-b43f-4dce-ba9b-f0b68e9b84bf"
    },
    "fishMove_012_5": {
      "__uuid__": "3ab065a4-6146-4647-9067-d075959cf1e0"
    },
    "fishMove_012_6": {
      "__uuid__": "6754590c-0318-438d-83b6-c4ff8fd77791"
    },
    "fishMove_013_1": {
      "__uuid__": "dfbd217b-6261-4f66-834b-174a2ffade1d"
    },
    "fishMove_013_10": {
      "__uuid__": "8dcdc287-ff00-47b2-859e-0b928744baaa"
    },
    "fishMove_013_11": {
      "__uuid__": "65f4730c-df14-4f67-8cd6-0c579afc2547"
    },
    "fishMove_013_12": {
      "__uuid__": "fe82f663-ee28-4382-81a2-6da493e4a2a2"
    },
    "fishMove_013_2": {
      "__uuid__": "1dc14299-207f-45a4-88eb-fe8763812f75"
    },
    "fishMove_013_3": {
      "__uuid__": "9b268e70-dd59-499f-b05c-9e76a49b13e3"
    },
    "fishMove_013_4": {
      "__uuid__": "c1895e31-37ea-420f-8963-de31084ba880"
    },
    "fishMove_013_5": {
      "__uuid__": "a11eebd2-b2cf-4b57-97c0-914bb2282175"
    },
    "fishMove_013_6": {
      "__uuid__": "ae89485e-4510-4a96-8b55-7391eab39d8e"
    },
    "fishMove_013_7": {
      "__uuid__": "496c3474-9ed2-4331-9dd6-4eaac64a0c76"
    },
    "fishMove_013_8": {
      "__uuid__": "4e726740-e008-4ea7-b48c-b5ec4bbfae0b"
    },
    "fishMove_013_9": {
      "__uuid__": "6aec8370-f675-4d96-8dee-ebf6112c5fc6"
    },
    "fishMove_014_1": {
      "__uuid__": "c829017e-7315-48b7-aef8-eb6fe78ca8fa"
    },
    "fishMove_014_10": {
      "__uuid__": "9bfd9d73-ab84-4a88-83e3-1314b567f6d0"
    },
    "fishMove_014_2": {
      "__uuid__": "92753d42-088a-47a5-96e4-5f2e95ccf798"
    },
    "fishMove_014_3": {
      "__uuid__": "0e6d2867-11f1-4374-8ff2-e6603a85057c"
    },
    "fishMove_014_4": {
      "__uuid__": "2955716e-18b9-43c0-ad80-c0beb4e2cac9"
    },
    "fishMove_014_5": {
      "__uuid__": "9e17496a-56cc-43aa-b3a2-3fe4b9971e4f"
    },
    "fishMove_014_6": {
      "__uuid__": "7a058e1c-83cf-430b-8a94-e0073db5841f"
    },
    "fishMove_014_7": {
      "__uuid__": "6a259cb6-79c0-46dc-9a29-54d5a6776281"
    },
    "fishMove_014_8": {
      "__uuid__": "37d54736-9ac0-411a-b518-f7319c907835"
    },
    "fishMove_014_9": {
      "__uuid__": "008585e5-8011-4b7a-be48-f2a96f3170b2"
    },
    "fishMove_015_1": {
      "__uuid__": "bab49605-50b6-44ff-a3ff-3ba8b8a06464"
    },
    "fishMove_015_10": {
      "__uuid__": "280abc04-79d8-4986-be31-9a00118584da"
    },
    "fishMove_015_11": {
      "__uuid__": "aeb901b0-acd6-4249-85c7-39b1f2bcc703"
    },
    "fishMove_015_12": {
      "__uuid__": "7716cae8-59c5-46fd-adb8-bbaefebb3d88"
    },
    "fishMove_015_2": {
      "__uuid__": "1eebc6dd-e9ff-4bed-b630-89e19cbfd592"
    },
    "fishMove_015_3": {
      "__uuid__": "17b1e0ba-b374-4beb-905d-89aa05e348d9"
    },
    "fishMove_015_4": {
      "__uuid__": "a302748a-986a-4e5d-9083-028dd197a7af"
    },
    "fishMove_015_5": {
      "__uuid__": "0c8a7217-5ecb-41c3-8f63-b322b7100ddd"
    },
    "fishMove_015_6": {
      "__uuid__": "ac21aa3b-1dc5-409a-b253-dc8c0094c432"
    },
    "fishMove_015_7": {
      "__uuid__": "66887dcc-2438-4c4f-ba55-749d5604bb74"
    },
    "fishMove_015_8": {
      "__uuid__": "014c3016-c771-4365-9fb3-4218018dd4e6"
    },
    "fishMove_015_9": {
      "__uuid__": "bf023e25-0e15-43cf-bfbe-f12e7130eb21"
    },
    "fishMove_016_1": {
      "__uuid__": "2458c617-77a3-483d-965c-c998e0d63c9a"
    },
    "fishMove_016_10": {
      "__uuid__": "8a5d6399-c1a8-48dd-b194-143acb92e343"
    },
    "fishMove_016_11": {
      "__uuid__": "1d1c33fc-f75d-48d7-99fc-f3c67ff221d4"
    },
    "fishMove_016_12": {
      "__uuid__": "379f583f-79d9-4e4a-bf55-d4331ffe0d06"
    },
    "fishMove_016_2": {
      "__uuid__": "796ee5c5-811a-4082-a051-68ae7d79d1bb"
    },
    "fishMove_016_3": {
      "__uuid__": "642ea18b-fe49-4ad2-be80-2e64c63a2039"
    },
    "fishMove_016_4": {
      "__uuid__": "4fea2e97-808c-4b4a-809c-b76aa0830e50"
    },
    "fishMove_016_5": {
      "__uuid__": "e8d5af1c-e611-4913-834a-fbabc7896418"
    },
    "fishMove_016_6": {
      "__uuid__": "e6303357-83b8-455d-bf11-31c6f7b3a137"
    },
    "fishMove_016_7": {
      "__uuid__": "7301820a-af24-4ec0-ad00-cf20804861b9"
    },
    "fishMove_016_8": {
      "__uuid__": "e6fdfcbb-026e-479c-8813-e056b2e20f33"
    },
    "fishMove_016_9": {
      "__uuid__": "ff54b8b7-af05-4d6e-9697-549a54d7c165"
    },
    "fishMove_017_1": {
      "__uuid__": "09bee400-fe69-47c6-8046-8b8da0b02ea1"
    },
    "fishMove_017_10": {
      "__uuid__": "ca9bd3a4-b5cd-411b-8004-c1357ae2a8f1"
    },
    "fishMove_017_11": {
      "__uuid__": "9eaf20c2-9b40-49ce-8d44-8987c0750797"
    },
    "fishMove_017_12": {
      "__uuid__": "8e00b097-9ca0-4cc8-aa17-ed0913af6b18"
    },
    "fishMove_017_2": {
      "__uuid__": "ff10e592-5dcc-4d99-92c3-5236a729d5fe"
    },
    "fishMove_017_3": {
      "__uuid__": "20d32a74-912a-41e8-97e7-7e3da84b7c97"
    },
    "fishMove_017_4": {
      "__uuid__": "8148146c-de46-4ba7-8ec6-32e06661fb1b"
    },
    "fishMove_017_5": {
      "__uuid__": "1e01c64a-d9ae-4640-8ff9-ae85fb88777f"
    },
    "fishMove_017_6": {
      "__uuid__": "2477478c-6184-4011-a9af-c52945bd3e28"
    },
    "fishMove_017_7": {
      "__uuid__": "98f5c7e3-597f-4b9e-9b99-2bfe4b4ed032"
    },
    "fishMove_017_8": {
      "__uuid__": "f422061f-7baa-45e3-b865-359593b32bf0"
    },
    "fishMove_017_9": {
      "__uuid__": "84ed535a-1388-413a-845a-e3f93520c0bb"
    },
    "fishMove_018_1": {
      "__uuid__": "e14836c7-8dea-4e2b-b9fe-15d4f4f3e14f"
    },
    "fishMove_018_10": {
      "__uuid__": "43bd8f6d-414d-48e6-aefc-002dd35e3834"
    },
    "fishMove_018_11": {
      "__uuid__": "361cfb67-96ae-4486-b67b-ab15cc1cef4d"
    },
    "fishMove_018_12": {
      "__uuid__": "33ac0bc8-744f-4638-8e5e-6146bb1b0197"
    },
    "fishMove_018_13": {
      "__uuid__": "6d00b7e6-9a62-4d64-930a-697e7f227235"
    },
    "fishMove_018_14": {
      "__uuid__": "eb618a2a-fade-4d0b-b5cc-49ffc11d39e3"
    },
    "fishMove_018_15": {
      "__uuid__": "b1a601d3-779d-4d10-b447-8de223399750"
    },
    "fishMove_018_16": {
      "__uuid__": "162f0d28-988c-48fd-899f-2ed091416735"
    },
    "fishMove_018_17": {
      "__uuid__": "46396cad-3eae-414c-8a5a-939fcc5a2545"
    },
    "fishMove_018_18": {
      "__uuid__": "9f80eaf8-cc6e-4294-b3a7-d09f5fe2faea"
    },
    "fishMove_018_19": {
      "__uuid__": "b55a15ad-5103-4c2d-a6a4-bd4efd8d69c3"
    },
    "fishMove_018_2": {
      "__uuid__": "2be53c35-78a5-445d-9009-d38e67ed0b01"
    },
    "fishMove_018_20": {
      "__uuid__": "1f584839-98ca-4715-b6b1-a9c59797574d"
    },
    "fishMove_018_3": {
      "__uuid__": "574b7fa8-9589-4614-8bce-c7ce49612eb9"
    },
    "fishMove_018_4": {
      "__uuid__": "17d6c2ce-602e-4672-8372-9f13f19387e4"
    },
    "fishMove_018_5": {
      "__uuid__": "e99358ce-b013-4f9d-a602-e0a4773b8c76"
    },
    "fishMove_018_6": {
      "__uuid__": "0f989288-ff46-46d3-8655-e15e266d3b8f"
    },
    "fishMove_018_7": {
      "__uuid__": "df888ce5-e489-4f7b-8138-b9e73d60969f"
    },
    "fishMove_018_8": {
      "__uuid__": "a5bc3f68-6f2d-49aa-a0e8-fa9c7ab2980a"
    },
    "fishMove_018_9": {
      "__uuid__": "7d249529-f733-489b-9204-92d36d19bf65"
    },
    "fishMove_019_1": {
      "__uuid__": "dfd5b1f2-13ca-453f-b41b-8385f0b6f8a1"
    },
    "fishMove_019_2": {
      "__uuid__": "603fc384-3241-4da8-b53b-ae3af5175813"
    },
    "fishMove_019_3": {
      "__uuid__": "2b6728cb-e7e5-41cd-9087-b3dbb44b5098"
    },
    "fishMove_019_4": {
      "__uuid__": "7388ca4c-2ee6-46e5-adfb-9bcad6ec6572"
    },
    "fishMove_019_5": {
      "__uuid__": "6b976778-dfda-482b-93ee-efeb60454602"
    },
    "fishMove_019_6": {
      "__uuid__": "a219207c-1c13-4cd2-be70-910f59dfbd18"
    },
    "fishMove_019_7": {
      "__uuid__": "2804c749-d4a9-40d2-a587-81bd71fc2e55"
    },
    "fishMove_019_8": {
      "__uuid__": "97135f4b-cda5-45e5-8893-7e8a67eaa006"
    },
    "fishMove_019_9": {
      "__uuid__": "6c7fe2c3-63ae-4c4c-abf1-e697b4259a9f"
    },
    "fish_bomb_1": {
      "__uuid__": "6359178e-7534-4c96-8efb-962764584b7d"
    },
    "fish_bomb_2": {
      "__uuid__": "c23a6af3-254e-4380-88fa-82c20ffcca1e"
    },
    "fish_king": {
      "__uuid__": "d73a200d-ffa6-42f0-b172-8fc8b3d2ebba"
    }
  }
}