{
  "version": "1.1.1",
  "windows": {
    "main": {
      "main": true,
      "url": "app://editor/index.html",
      "windowType": "dockable",
      "x": 2,
      "y": 11,
      "width": 1619,
      "height": 998,
      "layout": {
        "children": [
          {
            "children": [
              {
                "active": 0,
                "children": [
                  "hierarchy"
                ],
                "height": 299.390625,
                "type": "panel",
                "width": 204
              },
              {
                "active": 0,
                "children": [
                  "assets"
                ],
                "height": 575.828125,
                "type": "panel",
                "width": 204
              }
            ],
            "height": 877.21875,
            "type": "dock-v",
            "width": 204
          },
          {
            "children": [
              {
                "active": 0,
                "children": [
                  "scene"
                ],
                "height": 609.140625,
                "type": "panel",
                "width": 1091
              },
              {
                "active": 1,
                "children": [
                  "console",
                  "timeline"
                ],
                "height": 266.0625,
                "type": "panel",
                "width": 1091
              }
            ],
            "height": 877.21875,
            "type": "dock-v",
            "width": 1091
          },
          {
            "active": 0,
            "children": [
              "inspector",
              "node-library"
            ],
            "height": 877.21875,
            "type": "panel",
            "width": 304
          }
        ],
        "type": "dock-h"
      },
      "panels": [
        "hierarchy",
        "assets",
        "node-library",
        "console",
        "timeline",
        "inspector",
        "scene"
      ]
    }
  },
  "panels": {
    "builder": {
      "x": 556,
      "y": 121,
      "width": 670,
      "height": 739
    }
  }
}