{
  "9836134e-b892-4283-b6b2-78b5acf3ed45": {
    "asset": 1566362656763,
    "meta": 1563274076000,
    "relativePath": "effects"
  },
  "430eccbf-bf2c-4e6e-8c0c-884bbb487f32": {
    "asset": 1563274076000,
    "meta": 1569416467361,
    "relativePath": "effects\\__builtin-editor-gizmo-line.effect"
  },
  "6c5cf6e1-b044-4eac-9431-835644d57381": {
    "asset": 1563274076000,
    "meta": 1569416467444,
    "relativePath": "effects\\__builtin-editor-gizmo-unlit.effect"
  },
  "115286d1-2e10-49ee-aab4-341583f607e8": {
    "asset": 1563274076000,
    "meta": 1569416467554,
    "relativePath": "effects\\__builtin-editor-gizmo.effect"
  },
  "abc2cb62-7852-4525-a90d-d474487b88f2": {
    "asset": 1563274076000,
    "meta": 1569416467566,
    "relativePath": "effects\\builtin-phong.effect"
  },
  "f8e6b000-5643-4b86-9080-aa680ce1f599": {
    "asset": 1566362656991,
    "meta": 1563274076000,
    "relativePath": "image"
  },
  "71561142-4c83-4933-afca-cb7a17f67053": {
    "asset": 1563274076000,
    "meta": 1569416467627,
    "relativePath": "image\\default_btn_disabled.png"
  },
  "e851e89b-faa2-4484-bea6-5c01dd9f06e2": {
    "asset": 1563274076000,
    "meta": 1569416467642,
    "relativePath": "image\\default_btn_normal.png"
  },
  "b43ff3c2-02bb-4874-81f7-f2dea6970f18": {
    "asset": 1563274076000,
    "meta": 1569416467673,
    "relativePath": "image\\default_btn_pressed.png"
  },
  "edd215b9-2796-4a05-aaf5-81f96c9281ce": {
    "asset": 1563274076000,
    "meta": 1569416467685,
    "relativePath": "image\\default_editbox_bg.png"
  },
  "d81ec8ad-247c-4e62-aa3c-d35c4193c7af": {
    "asset": 1563274076000,
    "meta": 1569416467728,
    "relativePath": "image\\default_panel.png"
  },
  "99170b0b-d210-46f1-b213-7d9e3f23098a": {
    "asset": 1563274076000,
    "meta": 1569416467738,
    "relativePath": "image\\default_progressbar_bg.png"
  },
  "567dcd80-8bf4-4535-8a5a-313f1caf078a": {
    "asset": 1563274076000,
    "meta": 1569416467787,
    "relativePath": "image\\default_radio_button_off.png"
  },
  "cfef78f1-c8df-49b7-8ed0-4c953ace2621": {
    "asset": 1563274076000,
    "meta": 1569416467791,
    "relativePath": "image\\default_progressbar.png"
  },
  "4bab67cb-18e6-4099-b840-355f0473f890": {
    "asset": 1563274076000,
    "meta": 1569416467820,
    "relativePath": "image\\default_scrollbar_bg.png"
  },
  "9d60001f-b5f4-4726-a629-2659e3ded0b8": {
    "asset": 1563274076000,
    "meta": 1569416467834,
    "relativePath": "image\\default_radio_button_on.png"
  },
  "617323dd-11f4-4dd3-8eec-0caf6b3b45b9": {
    "asset": 1563274076000,
    "meta": 1569416467863,
    "relativePath": "image\\default_scrollbar_vertical_bg.png"
  },
  "d6d3ca85-4681-47c1-b5dd-d036a9d39ea2": {
    "asset": 1563274076000,
    "meta": 1569416467872,
    "relativePath": "image\\default_scrollbar_vertical.png"
  },
  "0275e94c-56a7-410f-bd1a-fc7483f7d14a": {
    "asset": 1563274076000,
    "meta": 1569416467910,
    "relativePath": "image\\default_sprite_splash.png"
  },
  "0291c134-b3da-4098-b7b5-e397edbe947f": {
    "asset": 1563274076000,
    "meta": 1569416467922,
    "relativePath": "image\\default_scrollbar.png"
  },
  "6e056173-d285-473c-b206-40a7fff5386e": {
    "asset": 1563274076000,
    "meta": 1569416467956,
    "relativePath": "image\\default_sprite.png"
  },
  "73a0903d-d80e-4e3c-aa67-f999543c08f5": {
    "asset": 1563274076000,
    "meta": 1569416467965,
    "relativePath": "image\\default_toggle_checkmark.png"
  },
  "c25b9d50-c8fc-4d27-beeb-6e7c1f2e5c0f": {
    "asset": 1563274076000,
    "meta": 1569416467998,
    "relativePath": "image\\default_toggle_disabled.png"
  },
  "d29077ba-1627-4a72-9579-7b56a235340c": {
    "asset": 1563274076000,
    "meta": 1569416468009,
    "relativePath": "image\\default_toggle_normal.png"
  },
  "5c3eedba-6c41-4c0c-9ba7-d91f813cbd1c": {
    "asset": 1566362657011,
    "meta": 1563274076000,
    "relativePath": "materials"
  },
  "c4480a0a-6ac5-443f-8b40-361a14257fc8": {
    "asset": 1563274076000,
    "meta": 1569416468052,
    "relativePath": "materials\\builtin-phong.mtl"
  },
  "b181c1e4-0a72-4a91-bfb0-ae6f36ca60bd": {
    "asset": 1563274076000,
    "meta": 1569416468066,
    "relativePath": "image\\default_toggle_pressed.png"
  },
  "fc09f9bd-2cce-4605-b630-8145ef809ed6": {
    "asset": 1566362657031,
    "meta": 1563274076000,
    "relativePath": "misc"
  },
  "db019bf7-f71c-4111-98cf-918ea180cb48": {
    "asset": 1566362657166,
    "meta": 1563274076000,
    "relativePath": "model"
  },
  "e39e96e6-6f6e-413f-bcf1-ac7679bb648a": {
    "asset": 1566362657147,
    "meta": 1563274076000,
    "relativePath": "model\\prefab"
  },
  "a87cc147-01b2-43f8-8e42-a7ca90b0c757": {
    "asset": 1563274076000,
    "meta": 1569416468094,
    "relativePath": "model\\prefab\\box.prefab"
  },
  "2be36297-9abb-4fee-8049-9ed5e271da8a": {
    "asset": 1563274076000,
    "meta": 1569416468112,
    "relativePath": "misc\\default_video.mp4"
  },
  "fe1417b6-fe6b-46a4-ae7c-9fd331f33a2a": {
    "asset": 1563274076000,
    "meta": 1569416468132,
    "relativePath": "model\\prefab\\capsule.prefab"
  },
  "b5fc2cf2-7942-483d-be1f-bbeadc4714ad": {
    "asset": 1563274076000,
    "meta": 1569416468145,
    "relativePath": "model\\prefab\\cone.prefab"
  },
  "1c5e4038-953a-44c2-b620-0bbfc6170477": {
    "asset": 1563274076000,
    "meta": 1569416468157,
    "relativePath": "model\\prefab\\cylinder.prefab"
  },
  "3f376125-a699-40ca-ad05-04d662eaa1f2": {
    "asset": 1563274076000,
    "meta": 1569416468168,
    "relativePath": "model\\prefab\\plane.prefab"
  },
  "6c9ef10d-b479-420b-bfe6-39cdda6a8ae0": {
    "asset": 1563274076000,
    "meta": 1569416468182,
    "relativePath": "model\\prefab\\quad.prefab"
  },
  "2d9a4b85-b0ab-4c46-84c5-18f393ab2058": {
    "asset": 1563274076000,
    "meta": 1569416468204,
    "relativePath": "model\\prefab\\sphere.prefab"
  },
  "de510076-056b-484f-b94c-83bef217d0e1": {
    "asset": 1563274076000,
    "meta": 1569416468284,
    "relativePath": "model\\prefab\\torus.prefab"
  },
  "f6e6dd15-71d1-4ffe-ace7-24fd39942c05": {
    "asset": 1566362657198,
    "meta": 1563274076000,
    "relativePath": "obsolete"
  },
  "8a96b965-2dc0-4e03-aa90-3b79cb93b5b4": {
    "asset": 1563274076000,
    "meta": 1569416468315,
    "relativePath": "obsolete\\atom.png"
  },
  "f743d2b6-b7ea-4c14-a55b-547ed4d0a045": {
    "asset": 1566362657230,
    "meta": 1563274076000,
    "relativePath": "particle"
  },
  "b2687ac4-099e-403c-a192-ff477686f4f5": {
    "asset": 1563274076000,
    "meta": 1569416469573,
    "relativePath": "particle\\atom.plist"
  },
  "b8223619-7e38-47c4-841f-9160c232495a": {
    "asset": 1563274076000,
    "meta": 1569416469576,
    "relativePath": "obsolete\\atom.plist"
  },
  "d0a82d39-bede-46c4-b698-c81ff0dedfff": {
    "asset": 1563274076000,
    "meta": 1569416468355,
    "relativePath": "particle\\atom.png"
  },
  "ae6c6c98-11e4-452f-8758-75f5c6a56e83": {
    "asset": 1566362657497,
    "meta": 1563274076000,
    "relativePath": "prefab"
  },
  "972b9a4d-47ee-4c74-b5c3-61d8a69bc29f": {
    "asset": 1563274076000,
    "meta": 1569416468384,
    "relativePath": "prefab\\button.prefab"
  },
  "897ef7a1-4860-4f64-968d-f5924b18668a": {
    "asset": 1563274076000,
    "meta": 1569416468403,
    "relativePath": "prefab\\camera.prefab"
  },
  "2c937608-2562-40ea-b264-7395df6f0cea": {
    "asset": 1563274076000,
    "meta": 1569416468423,
    "relativePath": "prefab\\canvas.prefab"
  },
  "61aeb05b-3b32-452b-8eed-2b76deeed554": {
    "asset": 1563274076000,
    "meta": 1569416468444,
    "relativePath": "prefab\\editbox.prefab"
  },
  "27756ebb-3d33-44b0-9b96-e858fadd4dd4": {
    "asset": 1563274076000,
    "meta": 1569416468474,
    "relativePath": "prefab\\label.prefab"
  },
  "785a442c-3ceb-45be-a46e-7317f625f3b9": {
    "asset": 1563274076000,
    "meta": 1569416468623,
    "relativePath": "prefab\\layout.prefab"
  },
  "ddb99b39-7004-47cd-9705-751905c43c46": {
    "asset": 1563274076000,
    "meta": 1569416468771,
    "relativePath": "prefab\\light.prefab"
  },
  "ca8401fe-ad6e-41a8-bd46-8e3e4e9945be": {
    "asset": 1563274076000,
    "meta": 1569416468854,
    "relativePath": "prefab\\pageview.prefab"
  },
  "cd33edea-55f5-46c2-958d-357a01384a36": {
    "asset": 1563274076000,
    "meta": 1569416468917,
    "relativePath": "prefab\\particlesystem.prefab"
  },
  "5965ffac-69da-4b55-bcde-9225d0613c28": {
    "asset": 1563274076000,
    "meta": 1569416468963,
    "relativePath": "prefab\\progressBar.prefab"
  },
  "4a37dd57-78cd-4cec-aad4-f11a73d12b63": {
    "asset": 1563274076000,
    "meta": 1569416468985,
    "relativePath": "prefab\\richtext.prefab"
  },
  "32044bd2-481f-4cf1-a656-e2b2fb1594eb": {
    "asset": 1563274076000,
    "meta": 1569416469006,
    "relativePath": "prefab\\scrollview.prefab"
  },
  "0004d1cf-a0ad-47d8-ab17-34d3db9d35a3": {
    "asset": 1563274076000,
    "meta": 1569416469029,
    "relativePath": "prefab\\slider.prefab"
  },
  "1f55e3be-b89b-4b79-88de-47fd31018044": {
    "asset": 1563274076000,
    "meta": 1569416469055,
    "relativePath": "prefab\\sprite_splash.prefab"
  },
  "96083d03-c332-4a3f-9386-d03e2d19e8ee": {
    "asset": 1563274076000,
    "meta": 1569416469067,
    "relativePath": "prefab\\sprite.prefab"
  },
  "7de03a80-4457-438d-95a7-3e7cdffd6086": {
    "asset": 1563274076000,
    "meta": 1569416469087,
    "relativePath": "prefab\\tiledmap.prefab"
  },
  "0e42ba95-1fa1-46aa-b2cf-143cd1bcee2c": {
    "asset": 1563274076000,
    "meta": 1569416469141,
    "relativePath": "prefab\\tiledtile.prefab"
  },
  "0d784963-d024-4ea6-a7db-03be0ad63010": {
    "asset": 1563274076000,
    "meta": 1569416469154,
    "relativePath": "prefab\\toggle.prefab"
  },
  "bf0a434c-84dd-4a8e-a08a-7a36f180cc75": {
    "asset": 1563274076000,
    "meta": 1569416469168,
    "relativePath": "prefab\\toggleContainer.prefab"
  },
  "d1b8be49-b0a0-435c-83b7-552bed4bbe35": {
    "asset": 1563274076000,
    "meta": 1569416469184,
    "relativePath": "prefab\\toggleGroup.prefab"
  },
  "232d2782-c4bd-4bb4-9e01-909f03d6d3b9": {
    "asset": 1563274076000,
    "meta": 1569416469205,
    "relativePath": "prefab\\videoplayer.prefab"
  },
  "d8afc78c-4eac-4a9f-83dd-67bc70344d33": {
    "asset": 1566362657653,
    "meta": 1563274076000,
    "relativePath": "resources"
  },
  "294c1663-4adf-4a1e-a795-53808011a38a": {
    "asset": 1567084929487,
    "meta": 1563274076000,
    "relativePath": "resources\\effects"
  },
  "144c3297-af63-49e8-b8ef-1cfa29b3be28": {
    "asset": 1563274076000,
    "meta": 1569416469231,
    "relativePath": "resources\\effects\\builtin-2d-gray-sprite.effect"
  },
  "8c5001fd-07ee-4a4b-a8a0-63e15195e94d": {
    "asset": 1563274076000,
    "meta": 1569416469267,
    "relativePath": "prefab\\webview.prefab"
  },
  "0e93aeaa-0b53-4e40-b8e0-6268b4e07bd7": {
    "asset": 1563274076000,
    "meta": 1569416469291,
    "relativePath": "resources\\effects\\builtin-2d-spine.effect"
  },
  "2874f8dd-416c-4440-81b7-555975426e93": {
    "asset": 1563274076000,
    "meta": 1569416469308,
    "relativePath": "resources\\effects\\builtin-2d-sprite.effect"
  },
  "c0040c95-c57f-49cd-9cbc-12316b73d0d4": {
    "asset": 1563274076000,
    "meta": 1569416469355,
    "relativePath": "resources\\effects\\builtin-clear-stencil.effect"
  },
  "79eafaef-b7ef-45d9-9c3f-591dc836fc7a": {
    "asset": 1563274076000,
    "meta": 1569416469407,
    "relativePath": "resources\\effects\\builtin-unlit-transparent.effect"
  },
  "6d91e591-4ce0-465c-809f-610ec95019c6": {
    "asset": 1563274076000,
    "meta": 1569416469420,
    "relativePath": "resources\\effects\\builtin-unlit.effect"
  },
  "bbee2217-c261-49bd-a8ce-708d6bcc3500": {
    "asset": 1566362657647,
    "meta": 1563274076000,
    "relativePath": "resources\\materials"
  },
  "3a7bb79f-32fd-422e-ada2-96f518fed422": {
    "asset": 1563274076000,
    "meta": 1569416469451,
    "relativePath": "resources\\materials\\builtin-2d-gray-sprite.mtl"
  },
  "6f801092-0c37-4f30-89ef-c8d960825b36": {
    "asset": 1563274076000,
    "meta": 1569416469453,
    "relativePath": "resources\\materials\\builtin-2d-base.mtl"
  },
  "7afd064b-113f-480e-b793-8817d19f63c3": {
    "asset": 1563274076000,
    "meta": 1569416469475,
    "relativePath": "resources\\materials\\builtin-2d-spine.mtl"
  },
  "eca5d2f2-8ef6-41c2-bbe6-f9c79d09c432": {
    "asset": 1567410768235,
    "meta": 1569416469485,
    "relativePath": "resources\\materials\\builtin-2d-sprite.mtl"
  },
  "cf7e0bb8-a81c-44a9-ad79-d28d43991032": {
    "asset": 1563274076000,
    "meta": 1569416469495,
    "relativePath": "resources\\materials\\builtin-clear-stencil.mtl"
  },
  "2a296057-247c-4a1c-bbeb-0548b6c98650": {
    "asset": 1563274076000,
    "meta": 1569416469503,
    "relativePath": "resources\\materials\\builtin-unlit.mtl"
  },
  "954fec8b-cd16-4bb9-a3b7-7719660e7558": {
    "asset": 1563274076000,
    "meta": 1569416478735,
    "relativePath": "model\\primitives.fbx"
  },
  "17e3f542-99ac-43ab-914c-90e6aa216c0c": {
    "asset": 1569416557348,
    "meta": 1569416557354,
    "relativePath": "res"
  },
  "f4dc3e28-c51d-4a05-8cc9-bd9b0e8d208d": {
    "asset": 1569416561968,
    "meta": 1569416561972,
    "relativePath": "resources"
  },
  "acf72562-c0f7-4db8-adf7-48d7b4851036": {
    "asset": 1569416567181,
    "meta": 1569416567182,
    "relativePath": "scenes"
  },
  "2aa9ede4-278f-433f-a3f3-5c9ac61192fe": {
    "asset": 1569416573828,
    "meta": 1569416573830,
    "relativePath": "scripts"
  },
  "6071895f-9e74-4956-850c-41b2ba7809b1": {
    "asset": 1569418156803,
    "meta": 1569418156821,
    "relativePath": "scenes\\game_scene.fire"
  },
  "4a427978-7df2-4c79-bf84-a0f2311c3c8d": {
    "asset": 1554121389006,
    "meta": 1569417234176,
    "relativePath": "res\\btn_green.png"
  },
  "f65f9fd1-c489-4f62-96c0-f6a82281946f": {
    "asset": 1554121389006,
    "meta": 1569417251218,
    "relativePath": "res\\btn_green_click.png"
  },
  "9f9ff8af-8f44-4a89-8a6f-9417d90943af": {
    "asset": 1553861983130,
    "meta": 1569416792653,
    "relativePath": "res\\logo.png"
  },
  "ec22c946-8cf5-4c54-91d6-087863be34cb": {
    "asset": 1478676318000,
    "meta": 1569416792682,
    "relativePath": "res\\ocean_front.tga"
  },
  "4fd877b8-fb66-47c6-81cc-b2d4472e75c3": {
    "asset": 1478067572000,
    "meta": 1569416792716,
    "relativePath": "res\\ocean_back.jpg"
  },
  "2e661455-84c8-42a8-9c91-eb16605f4ff4": {
    "asset": 1553861983129,
    "meta": 1569416792733,
    "relativePath": "res\\start_text.png"
  },
  "b8ae1ea8-3db3-4d48-9b6d-9f9aa80638e7": {
    "asset": 1557893991180,
    "meta": 1569416818819,
    "relativePath": "scripts\\UI_ctrl.js"
  },
  "db575a51-713d-439f-bfd9-5237751fbedf": {
    "asset": 1557896917370,
    "meta": 1569416818828,
    "relativePath": "scripts\\UI_manager.js"
  },
  "bafb2b41-5be3-4f10-8836-0678db6d5106": {
    "asset": 1569417378413,
    "meta": 1569417355453,
    "relativePath": "resources\\ui_prefabs"
  },
  "2bb30e51-668d-4dbc-93d9-e405c0055f4a": {
    "asset": 1569419046233,
    "meta": 1569419046331,
    "relativePath": "resources\\ui_prefabs\\LoginUI.prefab"
  },
  "7e03e93f-cbb0-4322-b69b-38e5a29ca49d": {
    "asset": 1569417892123,
    "meta": 1569417892118,
    "relativePath": "scripts\\ui_ctrls"
  },
  "0738bef3-9a84-4ac3-83df-ab442e395610": {
    "asset": 1569418151884,
    "meta": 1569418153453,
    "relativePath": "scripts\\game_mgr.js"
  },
  "35eb97ee-1dda-4a55-b78e-90fd49038dea": {
    "asset": 1569419043086,
    "meta": 1569419044496,
    "relativePath": "scripts\\ui_ctrls\\LoginUI_ctrl.js"
  }
}