{
  "f8e6b000-5643-4b86-9080-aa680ce1f599": {
    "asset": 1547005920474,
    "meta": 1543304680000,
    "relativePath": "image"
  },
  "71561142-4c83-4933-afca-cb7a17f67053": {
    "asset": 1543304680000,
    "meta": 1549007188328,
    "relativePath": "image\\default_btn_disabled.png"
  },
  "e851e89b-faa2-4484-bea6-5c01dd9f06e2": {
    "asset": 1543304680000,
    "meta": 1549007188347,
    "relativePath": "image\\default_btn_normal.png"
  },
  "edd215b9-2796-4a05-aaf5-81f96c9281ce": {
    "asset": 1543304680000,
    "meta": 1549007188648,
    "relativePath": "image\\default_editbox_bg.png"
  },
  "b43ff3c2-02bb-4874-81f7-f2dea6970f18": {
    "asset": 1543304680000,
    "meta": 1549007188656,
    "relativePath": "image\\default_btn_pressed.png"
  },
  "d81ec8ad-247c-4e62-aa3c-d35c4193c7af": {
    "asset": 1543304680000,
    "meta": 1549007188748,
    "relativePath": "image\\default_panel.png"
  },
  "99170b0b-d210-46f1-b213-7d9e3f23098a": {
    "asset": 1543304680000,
    "meta": 1549007188759,
    "relativePath": "image\\default_progressbar_bg.png"
  },
  "cfef78f1-c8df-49b7-8ed0-4c953ace2621": {
    "asset": 1543304680000,
    "meta": 1549007188818,
    "relativePath": "image\\default_progressbar.png"
  },
  "567dcd80-8bf4-4535-8a5a-313f1caf078a": {
    "asset": 1543304680000,
    "meta": 1549007188827,
    "relativePath": "image\\default_radio_button_off.png"
  },
  "4bab67cb-18e6-4099-b840-355f0473f890": {
    "asset": 1543304680000,
    "meta": 1549007188883,
    "relativePath": "image\\default_scrollbar_bg.png"
  },
  "9d60001f-b5f4-4726-a629-2659e3ded0b8": {
    "asset": 1543304680000,
    "meta": 1549007188895,
    "relativePath": "image\\default_radio_button_on.png"
  },
  "617323dd-11f4-4dd3-8eec-0caf6b3b45b9": {
    "asset": 1543304680000,
    "meta": 1549007188950,
    "relativePath": "image\\default_scrollbar_vertical_bg.png"
  },
  "d6d3ca85-4681-47c1-b5dd-d036a9d39ea2": {
    "asset": 1543304680000,
    "meta": 1549007188954,
    "relativePath": "image\\default_scrollbar_vertical.png"
  },
  "0291c134-b3da-4098-b7b5-e397edbe947f": {
    "asset": 1543304680000,
    "meta": 1549007189015,
    "relativePath": "image\\default_scrollbar.png"
  },
  "0275e94c-56a7-410f-bd1a-fc7483f7d14a": {
    "asset": 1543304680000,
    "meta": 1549007189026,
    "relativePath": "image\\default_sprite_splash.png"
  },
  "6e056173-d285-473c-b206-40a7fff5386e": {
    "asset": 1543304680000,
    "meta": 1549007189073,
    "relativePath": "image\\default_sprite.png"
  },
  "73a0903d-d80e-4e3c-aa67-f999543c08f5": {
    "asset": 1543304680000,
    "meta": 1549007189089,
    "relativePath": "image\\default_toggle_checkmark.png"
  },
  "c25b9d50-c8fc-4d27-beeb-6e7c1f2e5c0f": {
    "asset": 1543304680000,
    "meta": 1549007189129,
    "relativePath": "image\\default_toggle_disabled.png"
  },
  "d29077ba-1627-4a72-9579-7b56a235340c": {
    "asset": 1543304680000,
    "meta": 1549007189135,
    "relativePath": "image\\default_toggle_normal.png"
  },
  "fc09f9bd-2cce-4605-b630-8145ef809ed6": {
    "asset": 1547005871381,
    "meta": 1543304680000,
    "relativePath": "misc"
  },
  "b181c1e4-0a72-4a91-bfb0-ae6f36ca60bd": {
    "asset": 1543304680000,
    "meta": 1549007189158,
    "relativePath": "image\\default_toggle_pressed.png"
  },
  "2be36297-9abb-4fee-8049-9ed5e271da8a": {
    "asset": 1543304680000,
    "meta": 1549007189166,
    "relativePath": "misc\\default_video.mp4"
  },
  "f6e6dd15-71d1-4ffe-ace7-24fd39942c05": {
    "asset": 1547005920905,
    "meta": 1543304680000,
    "relativePath": "obsolete"
  },
  "f743d2b6-b7ea-4c14-a55b-547ed4d0a045": {
    "asset": 1547005920921,
    "meta": 1543304680000,
    "relativePath": "particle"
  },
  "b2687ac4-099e-403c-a192-ff477686f4f5": {
    "asset": 1543304680000,
    "meta": 1549007189637,
    "relativePath": "particle\\atom.plist"
  },
  "8a96b965-2dc0-4e03-aa90-3b79cb93b5b4": {
    "asset": 1543304680000,
    "meta": 1549007189206,
    "relativePath": "obsolete\\atom.png"
  },
  "b8223619-7e38-47c4-841f-9160c232495a": {
    "asset": 1543304680000,
    "meta": 1549007189698,
    "relativePath": "obsolete\\atom.plist"
  },
  "d0a82d39-bede-46c4-b698-c81ff0dedfff": {
    "asset": 1543304680000,
    "meta": 1549007189227,
    "relativePath": "particle\\atom.png"
  },
  "ae6c6c98-11e4-452f-8758-75f5c6a56e83": {
    "asset": 1547005920491,
    "meta": 1543304680000,
    "relativePath": "prefab"
  },
  "972b9a4d-47ee-4c74-b5c3-61d8a69bc29f": {
    "asset": 1543304680000,
    "meta": 1549007189241,
    "relativePath": "prefab\\button.prefab"
  },
  "2c937608-2562-40ea-b264-7395df6f0cea": {
    "asset": 1543304680000,
    "meta": 1549007189254,
    "relativePath": "prefab\\canvas.prefab"
  },
  "61aeb05b-3b32-452b-8eed-2b76deeed554": {
    "asset": 1543304680000,
    "meta": 1549007189267,
    "relativePath": "prefab\\editbox.prefab"
  },
  "27756ebb-3d33-44b0-9b96-e858fadd4dd4": {
    "asset": 1543304680000,
    "meta": 1549007189290,
    "relativePath": "prefab\\label.prefab"
  },
  "785a442c-3ceb-45be-a46e-7317f625f3b9": {
    "asset": 1543304680000,
    "meta": 1549007189297,
    "relativePath": "prefab\\layout.prefab"
  },
  "ca8401fe-ad6e-41a8-bd46-8e3e4e9945be": {
    "asset": 1543304680000,
    "meta": 1549007189317,
    "relativePath": "prefab\\pageview.prefab"
  },
  "cd33edea-55f5-46c2-958d-357a01384a36": {
    "asset": 1543304680000,
    "meta": 1549007189337,
    "relativePath": "prefab\\particlesystem.prefab"
  },
  "5965ffac-69da-4b55-bcde-9225d0613c28": {
    "asset": 1543304680000,
    "meta": 1549007189356,
    "relativePath": "prefab\\progressBar.prefab"
  },
  "4a37dd57-78cd-4cec-aad4-f11a73d12b63": {
    "asset": 1543304680000,
    "meta": 1549007189372,
    "relativePath": "prefab\\richtext.prefab"
  },
  "32044bd2-481f-4cf1-a656-e2b2fb1594eb": {
    "asset": 1543304680000,
    "meta": 1549007189397,
    "relativePath": "prefab\\scrollview.prefab"
  },
  "0004d1cf-a0ad-47d8-ab17-34d3db9d35a3": {
    "asset": 1543304680000,
    "meta": 1549007189416,
    "relativePath": "prefab\\slider.prefab"
  },
  "1f55e3be-b89b-4b79-88de-47fd31018044": {
    "asset": 1543304680000,
    "meta": 1549007189433,
    "relativePath": "prefab\\sprite_splash.prefab"
  },
  "96083d03-c332-4a3f-9386-d03e2d19e8ee": {
    "asset": 1543304680000,
    "meta": 1549007189452,
    "relativePath": "prefab\\sprite.prefab"
  },
  "7de03a80-4457-438d-95a7-3e7cdffd6086": {
    "asset": 1543304680000,
    "meta": 1549007189467,
    "relativePath": "prefab\\tiledmap.prefab"
  },
  "0e42ba95-1fa1-46aa-b2cf-143cd1bcee2c": {
    "asset": 1543304680000,
    "meta": 1549007189489,
    "relativePath": "prefab\\tiledtile.prefab"
  },
  "0d784963-d024-4ea6-a7db-03be0ad63010": {
    "asset": 1543304680000,
    "meta": 1549007189510,
    "relativePath": "prefab\\toggle.prefab"
  },
  "bf0a434c-84dd-4a8e-a08a-7a36f180cc75": {
    "asset": 1543304680000,
    "meta": 1549007189529,
    "relativePath": "prefab\\toggleContainer.prefab"
  },
  "d1b8be49-b0a0-435c-83b7-552bed4bbe35": {
    "asset": 1543304680000,
    "meta": 1549007189543,
    "relativePath": "prefab\\toggleGroup.prefab"
  },
  "232d2782-c4bd-4bb4-9e01-909f03d6d3b9": {
    "asset": 1543304680000,
    "meta": 1549007189558,
    "relativePath": "prefab\\videoplayer.prefab"
  },
  "8c5001fd-07ee-4a4b-a8a0-63e15195e94d": {
    "asset": 1543304680000,
    "meta": 1549007189564,
    "relativePath": "prefab\\webview.prefab"
  },
  "9ef16edf-4b5e-4e86-a983-94db5a75ba98": {
    "asset": 1549007225505,
    "meta": 1549007225514,
    "relativePath": "res"
  },
  "4461a7dc-cee4-45d6-b86d-78d2e489fdc5": {
    "asset": 1549007230193,
    "meta": 1549007230199,
    "relativePath": "scenes"
  },
  "732a4190-e8a5-413c-8025-3f7e89f3058b": {
    "asset": 1549007234302,
    "meta": 1549007234311,
    "relativePath": "scripts"
  },
  "63929f3e-b352-404b-baa5-bb1d19c73e6a": {
    "asset": 1549009683202,
    "meta": 1549009683230,
    "relativePath": "scenes\\game_scene.fire"
  },
  "82e9bc56-d5e3-459d-a414-82dcc9e9c85e": {
    "asset": 1489118698573,
    "meta": 1549007461284,
    "relativePath": "res\\bullet.plist"
  },
  "4ae016f2-a200-4c68-8192-bd685580e588": {
    "asset": 1489118643079,
    "meta": 1549007463248,
    "relativePath": "res\\fish_move1.plist"
  },
  "29a27772-5521-4385-9be9-eb48c950495c": {
    "asset": 1489118698789,
    "meta": 1549007460314,
    "relativePath": "res\\bullet.png"
  },
  "395e6cbd-b70a-43fc-904b-dc12c4c7712e": {
    "asset": 1489118643243,
    "meta": 1549007460402,
    "relativePath": "res\\fish_move1.png"
  },
  "06607f61-f9f6-422d-a3ac-c141b5bfb145": {
    "asset": 1489118715368,
    "meta": 1549007460452,
    "relativePath": "res\\MUSIC_BACK_03.mp3"
  },
  "89cc6ec2-9773-43a5-98f5-66391fb037ea": {
    "asset": 1489118701677,
    "meta": 1549007460477,
    "relativePath": "res\\game_bg_2.png"
  },
  "83686202-5657-4064-9ecc-d26d38d66a47": {
    "asset": 1549007981709,
    "meta": 1549007981727,
    "relativePath": "res\\levelmap1.anim"
  },
  "ded6ca3e-ac86-4738-9412-5ef4e0043a7f": {
    "asset": 1547267947654,
    "meta": 1549008007066,
    "relativePath": "scripts\\fish_map.js"
  },
  "9d468dfe-81a6-4928-84ff-3efdb3f39a59": {
    "asset": 1547269577547,
    "meta": 1549008007073,
    "relativePath": "scripts\\nav_agent.js"
  },
  "56d9bc58-fd49-4512-8a83-ee37d5a51823": {
    "asset": 1549009578870,
    "meta": 1549009578889,
    "relativePath": "res\\bullet.prefab"
  },
  "abc9c75c-8e9d-4813-8439-f5d4edf198cc": {
    "asset": 1549010155102,
    "meta": 1549010274319,
    "relativePath": "scripts\\bullet.js"
  },
  "acbe6f07-7d28-4561-b862-58bbab93f2e2": {
    "asset": 1549010419839,
    "meta": 1549010420661,
    "relativePath": "scripts\\cannon.js"
  }
}