{
  "__type__": "cc.AnimationClip",
  "_name": "levelmap1",
  "_objFlags": 0,
  "_native": "",
  "_duration": 0.3333333333333333,
  "sample": 60,
  "speed": 1,
  "wrapMode": 1,
  "curveData": {
    "paths": {
      "road1": {
        "props": {
          "position": [
            {
              "frame": 0,
              "value": [
                -712,
                -29
              ],
              "motionPath": [
                [
                  -255,
                  159,
                  -507,
                  159,
                  -203,
                  165
                ],
                [
                  -113,
                  172,
                  -156,
                  169,
                  43,
                  182
                ],
                [
                  318,
                  132,
                  155,
                  173,
                  472,
                  93
                ]
              ]
            },
            {
              "frame": 0.3333333333333333,
              "value": [
                756,
                -29
              ],
              "motionPath": []
            }
          ]
        }
      },
      "road2": {
        "props": {
          "position": [
            {
              "frame": 0,
              "value": [
                -712,
                69
              ],
              "motionPath": [
                [
                  -300,
                  65,
                  -524,
                  53,
                  -158,
                  73
                ],
                [
                  164,
                  84,
                  11,
                  71,
                  468,
                  109
                ]
              ]
            },
            {
              "frame": 0.3333333333333333,
              "value": [
                728,
                150
              ],
              "motionPath": []
            }
          ]
        }
      }
    }
  },
  "events": []
}