{
  "version": "1.1.1",
  "windows": {
    "worker": {},
    "main": {
      "main": true,
      "url": "app://editor/index.html",
      "windowType": "dockable",
      "x": 269,
      "y": 0,
      "width": 1638,
      "height": 1035,
      "layout": {
        "children": [
          {
            "children": [
              {
                "active": 0,
                "children": [
                  "hierarchy"
                ],
                "height": 361,
                "type": "panel",
                "width": 204
              },
              {
                "active": 0,
                "children": [
                  "assets"
                ],
                "height": 552.984375,
                "type": "panel",
                "width": 204
              }
            ],
            "height": 916,
            "type": "dock-v",
            "width": 204
          },
          {
            "children": [
              {
                "active": 0,
                "children": [
                  "scene"
                ],
                "height": 560,
                "type": "panel",
                "width": 960.984375
              },
              {
                "active": 0,
                "children": [
                  "console",
                  "timeline",
                  "game-window"
                ],
                "height": 354,
                "type": "panel",
                "width": 960.984375
              }
            ],
            "height": 916,
            "type": "dock-v",
            "width": 960.984375
          },
          {
            "active": 0,
            "children": [
              "inspector",
              "node-library",
              "cocos-services"
            ],
            "height": 916,
            "type": "panel",
            "width": 453
          }
        ],
        "type": "dock-h"
      },
      "panels": [
        "hierarchy",
        "assets",
        "node-library",
        "console",
        "timeline",
        "game-window",
        "inspector",
        "cocos-services",
        "scene"
      ]
    }
  },
  "panels": {
    "builder": {
      "x": 627,
      "y": 140,
      "width": 670,
      "height": 739
    },
    "sprite-editor": {
      "x": 702,
      "y": 240,
      "width": 516,
      "height": 539
    }
  }
}